Item Economics Analysis - MafiaWar Game,,,,,,,,,,,,,,,,
Date Generated,September 21 2025,,,,,,,,,,,,,,,
,,,,,,,,,,,,,,,
Item ID,Name,Type,Value,Level Required,Rarity,Crime Bonuses,Bonus %,Payment Method,Payback Period (Hours),Value Per 1% Bonus,Progression Tier,Balance Status,Notes,Strategic Reason
lockpick_basic,Basic Lockpick,tool,$450,1,common,theft crimes,5%,$cash,3.0,$90,TIER_1,✓,Good entry tool,Street purchase
lockpick_advanced,Advanced Lockpick Set,tool,$2250,5,uncommon,theft crimes,15%,$cash,8.3,$150,TIER_2,✓,Solid progression,Professional grade
crowbar,Crowbar,tool,$675,3,common,robbery crimes,10%,$cash,4.5,$68,TIER_1,✓,Affordable force tool,Hardware store
pistol_cheap,Cheap Pistol,tool,$14,8,uncommon,violence crimes,10%,$cash,0.1,$1.4,TIER_2,⚠️,Suspiciously cheap,Street dealers cash only
laptop_hacking,Hacking Laptop,tool,$1200,12,rare,cyber crimes,25%,$crypto,2.0,$48,TIER_3,✓,Specialized equipment,Dark web crypto required
energy_drink,Energy Drink,consumable,$1,1,common,all crimes,3%,$cash,0.2,$33,TIER_1,✓,Cheap boost,Convenience purchase
medkit_basic,Basic Medkit,consumable,$2,1,common,all crimes,5%,$cash,0.3,$40,TIER_1,✓,Health restoration,Medical supply
steroid_shot,Steroid Shot,consumable,$30,3,uncommon,all crimes,10%,$cash,2.0,$300,TIER_1,⚠️,Expensive for tier,Underground medicine
cigarettes,Cigarette Cartons,trade_good,$50,3,common,smuggling,N/A,$cash,N/A,N/A,TIER_1,✓,Contraband trading,Cash transactions
electronics,Stolen Electronics,trade_good,$200,8,uncommon,fencing,N/A,$cash,N/A,N/A,TIER_2,✓,High value goods,Stolen merchandise
gold_watch,Gold Watch,collectible,$2500,15,rare,prestige,N/A,$bank,N/A,N/A,TIER_3,✓,Luxury item,Auction house verification
mafia_ring,Mafia Family Ring,collectible,$10000,25,legendary,reputation,+25 rep,$bank,N/A,$400,TIER_5,⚠️,Very expensive,Exclusive auction house
,,,,,,,,,,,,,,,
ITEM TYPE ANALYSIS,,,,,,,,,,,,,,
Type,Count,Average Value,Value Range,Primary Purpose,Payment Distribution,Balance Status,Recommendations,
tool,5,$916,"$14-$2250",Crime enhancement,60% cash / 40% crypto,⚠️,Fix cheap pistol pricing,
consumable,3,$11,"$1-$30",Temporary boosts,100% cash,✓,Good variety and pricing,
trade_good,2,$125,"$50-$200",Economic gameplay,100% cash,✓,More items needed,
collectible,2,$6250,"$2500-$10000",Prestige/Status,100% bank,⚠️,High-end may be overpriced,
,,,,,,,,,,,,,,,
RARITY DISTRIBUTION,,,,,,,,,,,,,,
Rarity,Count,Average Value,Expected % of Wealth,Actual Range,Balance Status,Player Level Range,Recommendations,
common,5,$235,5%,$1-$675,✓,1-10,Good foundation,
uncommon,4,$621,10%,$14-$2250,⚠️,5-15,"Fix pistol outlier, add mid-tier",
rare,2,$1850,15%,$1200-$2500,✓,12-20,Appropriate for tier,
legendary,1,$10000,40%,$10000,⚠️,25+,May need more variety,
,,,,,,,,,,,,,,,
PAYMENT METHOD STRATEGY,,,,,,,,,,,,,,
Payment Method,Count,Percentage,Strategic Purpose,Example Items,Game Balance,Recommendations,
cash,8,67%,Street-level purchases,Basic tools/consumables,Good,Maintain for common items,
bank,2,17%,Verified transactions,Luxury collectibles,Good,Expand for legitimate items,
crypto,1,8%,Anonymous purchases,Hacking equipment,⚠️,Need more crypto items,
any,1,8%,Flexible payment,None currently,N/A,Consider for some items,
,,,,,,,,,,,,,,,
PROGRESSION TIER ANALYSIS,,,,,,,,,,,,,,
Tier,Level Range,Item Count,Value Range,Expected Player Wealth,Affordability Check,Balance Status,
TIER_1,1-5,7,$1-$675,"$500-$5k",1-35% of wealth,✓,
TIER_2,6-10,3,$14-$2250,"$5k-$25k",0.06-45% of wealth,⚠️,
TIER_3,11-15,2,$1200-$2500,"$25k-$75k",1.6-10% of wealth,✓,
TIER_4,16-20,0,N/A,"$75k-$200k",No items,❌,
TIER_5,21+,1,$10000,"$200k+",2-5% of wealth,✓,
,,,,,,,,,,,,,,,
CRIME BONUS EFFICIENCY,,,,,,,,,,,,,,
Item,Bonus %,Cost Per 1% Bonus,Crime Category,Income Benefit/Hour,Payback Period,Efficiency Rating,Recommendation,
Basic Lockpick,5%,$90,Theft,$78,5.8 hours,Good,✓ Keep current,
Advanced Lockpick,15%,$150,Theft,$234,9.6 hours,Good,✓ Well balanced,
Crowbar,10%,$68,Robbery,$116,5.8 hours,Excellent,✓ Great value,
Cheap Pistol,10%,$1.4,Violence,$126,0.1 hours,Broken,❌ Fix pricing immediately,
Hacking Laptop,25%,$48,Cyber,$441,2.7 hours,Excellent,✓ Perfect for specialization,
,,,,,,,,,,,,,,,
BALANCE ISSUES & RECOMMENDATIONS,,,,,,,,,,,,,,
Priority,Item,Issue,Current Value,Recommended Value,Reason,Impact,Action Required,
CRITICAL,Cheap Pistol,Severely underpriced,$14,$1400,100x too cheap,Game breaking,Fix immediately,
HIGH,TIER_4 Gap,No items for level 16-20,N/A,$3k-$15k range,Progression gap,Player retention,Add 3-4 items,
MEDIUM,Crypto Items,Only 1 crypto item,8% distribution,25% target,Strategic variety,Gameplay depth,Add 2-3 crypto items,
MEDIUM,Steroid Shot,Expensive for early tier,$30,$15,Consumable overpriced,Accessibility,Reduce cost 50%,
LOW,Legendary Variety,Only 1 legendary item,Single option,2-3 options,End-game choice,Player goals,Add variety,
,,,,,,,,,,,,,,,
STRATEGIC PAYMENT DISTRIBUTION,,,,,,,,,,,,,,
Item Category,Current Distribution,Recommended Distribution,Strategic Rationale,Example Additions Needed,
Basic Tools (Lv 1-10),100% cash,80% cash / 20% bank,Street purchases vs legitimate,Bank-bought professional tools,
Advanced Tools (Lv 11+),50% crypto / 50% cash,60% crypto / 40% cash,Specialized illegal equipment,More dark web items,
Consumables,100% cash,90% cash / 10% crypto,Daily supplies vs enhancement drugs,Crypto-bought enhancers,
Collectibles,100% bank,60% bank / 40% crypto,Luxury vs underground prestige,Crypto-exclusive status items,
,,,,,,,,,,,,,,,
ITEM INTERACTION MATRIX,,,,,,,,,,,,,,
Item Combination,Synergy Bonus,Current Implementation,Recommended Enhancement,Balance Impact,
Lockpick + Crowbar,Theft crime combo,No synergy,+5% additional bonus,Reward tool investment,
Hacking Laptop + Crypto Payment,Tech crime specialist,Thematic only,+10% crypto crime rewards,Reinforce specialization,
Multiple Consumables,Stacking effects,Linear stacking,Diminishing returns,Prevent abuse,
Tool + Consumable,Enhanced effectiveness,Independent effects,+3% combo bonus,Reward preparation,