Money System Analysis - MafiaWar Game,,,,,,,,,,,,
Date Generated,September 21 2025,,,,,,,,,,,
,,,,,,,,,,,
BANK TIER ANALYSIS,,,,,,,,,,,,
Level,Name,Upgrade Cost,Withdrawal Limit,Interest Rate,Deposit Fee,Withdrawal Fee,Protection Level,ROI Analysis,Recommendation,Balance Status
1,Basic Account,$0,$5000,0.1%,1%,5%,0%,N/A - Free,Essential starter,✓
2,Premium Account,$10000,$15000,0.2%,0.5%,3%,10%,500 days to break even,Too expensive,❌
3,VIP Account,$50000,$50000,0.3%,0.3%,2%,25%,625 days to break even,Very expensive,❌
4,Private Banking,$200000,$200000,0.5%,0.2%,1%,40%,444 days to break even,Elite only,❌
5,Offshore Account,$1000000,$1000000,0.7%,0.1%,0.5%,60%,476 days to break even,End-game only,❌
,,,,,,,,,,,
BANK TIER RECOMMENDATIONS,,,,,,,,,,,,
Current Issue,Impact,Recommended Change,New ROI,Player Benefit,Implementation Priority
Upgrade costs too high,Low adoption,Reduce all costs by 75%,125-156 days,Accessible progression,HIGH
Interest rates too low,No incentive to upgrade,Double all interest rates,62-156 days,Meaningful returns,HIGH
Withdrawal fees too high,Discourages use,Reduce all fees by 50%,N/A,More player-friendly,MEDIUM
Protection levels unclear,Confusing benefit,Add clear protection examples,N/A,Better understanding,LOW
,,,,,,,,,,,
CRYPTOCURRENCY ANALYSIS,,,,,,,,,,,,
Coin,Symbol,Type,Volatility,Base Price,Exchange Fee,Risk Level,Strategic Use,Balance Status,Recommendation
Bitcoin,BTC,Stable,Low,$50000,2%,Low,Safe long-term storage,✓,Good foundation
Ethereum,ETH,Stable,Low-Medium,$3000,2.5%,Low-Medium,Smart contracts theme,✓,Good variety
Litecoin,LTC,Stable,Medium,$100,3%,Medium,Alternative option,✓,Solid choice
DogeCoin,DOGE,Meme,High,$0.08,5%,High,High risk/reward,✓,Fun option
CrimeChain,CRIME,Game,Extreme,$10,7%,Extreme,Game-specific currency,⚠️,High fees
,,,,,,,,,,,
CRYPTO MARKET EVENTS,,,,,,,,,,,,
Event,Frequency,Effect,Duration,Player Impact,Strategic Value,Balance Assessment
Bull Run,15% weekly,+30% value,12 hours,Significant gains,Reward crypto holders,✓
Market Crash,12% weekly,-30% value,8 hours,Major losses,Risk management,✓
New Coin Launch,10% weekly,Investment opportunity,72 hours,FOMO/opportunity,Engagement driver,✓
Regulation News,8% weekly,Various effects,Variable,Realistic volatility,Market simulation,✓
,,,,,,,,,,,
MONEY EVENT ANALYSIS,,,,,,,,,,,,
Event Type,Frequency,Severity,Effect,Player Response,Game Balance,Recommendation
IRS Audit,8% weekly,-15% bank funds,Government pressure,Diversify storage,✓ Realistic threat,Keep current
Asset Forfeiture,5% weekly,-30% cash -10% bank,Major loss event,Crypto adoption,✓ Drives strategy,Keep current
Bank Investigation,6% weekly,Withdrawal limits,Temporary inconvenience,Plan ahead,✓ Minor pressure,Keep current
Crypto Bull Run,15% weekly,+30% crypto value,Market opportunity,Invest in crypto,✓ Positive event,Keep current
Market Crash,12% weekly,-30% crypto value,Market risk,Risk management,✓ Balances crypto,Keep current
Gang War Economic,20% weekly,-10% crypto,Player-driven,Gang dynamics,⚠️ May be too frequent,Reduce frequency
,,,,,,,,,,,
PAYMENT METHOD DISTRIBUTION,,,,,,,,,,,,
Source,Cash Usage,Bank Usage,Crypto Usage,Mixed Usage,Strategic Balance,Recommendation
Crime Payouts,50%,15%,20%,15%,⚠️ Too cash-heavy,Increase bank/crypto
Asset Income,Variable by type,Variable by type,Variable by type,N/A,✓ Good variety,Maintain diversity
Item Purchases,67%,17%,8%,8%,⚠️ Need more crypto,Add crypto items
Player Preference,Unknown,Unknown,Unknown,Unknown,❌ Need analytics,Implement tracking
,,,,,,,,,,,
STRATEGIC MONEY FLOWS,,,,,,,,,,,,
Flow Type,Current Implementation,Strategic Purpose,Player Behavior Goal,Success Rate,Improvement Needed
Crime → Cash,Direct payment,Immediate spending money,Active crime gameplay,✓ Working well,Add variety
Crime → Bank,Money laundering theme,Encourage banking,Financial planning,⚠️ Limited use,More bank crimes
Crime → Crypto,Tech crime theme,Anonymous storage,Risk management,⚠️ Limited appeal,More crypto crimes
Bank → Investment,Asset purchases,Long-term planning,Empire building,✓ Working,Expand options
Crypto → Speculation,Market trading,Strategic trading,Economic gameplay,❌ Not implemented,Add trading
Mixed Payouts,Complex operations,Realistic simulation,Strategic thinking,✓ Thematic,Expand usage
,,,,,,,,,,,
ECONOMIC PRESSURE ANALYSIS,,,,,,,,,,,,
Pressure Source,Frequency,Severity,Player Adaptation,Game Health,Balance Assessment,Recommended Change
Government Raids,19% weekly total,10-30% losses,Diversification,✓ Healthy pressure,Maintain current
Market Volatility,27% weekly total,±30% crypto value,Risk assessment,✓ Realistic markets,Maintain current
Player Theft,Unknown frequency,Cash vulnerability,Protective behavior,⚠️ Need data,Implement theft system
Inflation Events,Not implemented,Currency devaluation,Strategic adaptation,❌ Missing system,Add inflation
Storage Costs,Bank fees only,1-5% fees,Cost awareness,⚠️ Limited impact,Add storage costs
Emergency Needs,Not implemented,Forced spending,Liquidity management,❌ No pressure,Add emergencies
,,,,,,,,,,,
MONEY SYSTEM PROGRESSION,,,,,,,,,,,,
Player Level,Recommended Strategy,Primary Storage,Secondary Storage,Risk Profile,System Mastery
1-5,Learn basics,Cash majority,Small bank,High risk/high access,Basic understanding
6-10,Bank adoption,Bank majority,Cash for daily use,Medium risk,Financial planning
11-15,Crypto introduction,Mixed portfolio,Bank for safety,Balanced risk,Risk management
16-20,Advanced strategy,Strategic allocation,Crypto speculation,Calculated risk,Market timing
21-25,Elite management,Optimized portfolio,All three systems,Low risk/high efficiency,Master level
25+,Wealth preservation,Crypto heavy,Offshore banking,Minimum risk,Expert optimization
,,,,,,,,,,,
SYSTEM INTEGRATION ANALYSIS,,,,,,,,,,,,
Integration Point,Current Status,Player Experience,Strategic Depth,Improvement Potential,Priority
Crime Payouts,✓ Implemented,Clear and thematic,Good variety,Add more crypto crimes,Medium
Asset Income,✓ Implemented,Automated and balanced,Strategic choices,Perfect current system,Low
Item Purchases,⚠️ Basic implementation,Functional but limited,Some strategy,Add more payment variety,High
Bank Operations,✓ Implemented,Smooth user experience,Progressive tiers,Reduce upgrade costs,High
Crypto Trading,❌ Not implemented,No crypto trading,Missing depth,Add market interface,Medium
Money Events,✓ Implemented,Realistic pressure,Strategic adaptation,Perfect current system,Low
,,,,,,,,,,,
BALANCE RECOMMENDATIONS,,,,,,,,,,,,
Priority,System Component,Issue,Current Value,Recommended Value,Impact,
CRITICAL,Bank Upgrade Costs,Too expensive for progression,"$10k-$1M","$2.5k-$250k",Accessible banking
CRITICAL,Item Payment Variety,Too cash-focused,67% cash target,40% cash target,Strategic diversity
HIGH,Crypto Crime Rewards,Limited crypto income,20% of crimes,35% of crimes,Crypto adoption
HIGH,Bank Interest Rates,No incentive to upgrade,0.1-0.7% daily,0.2-1.4% daily,Meaningful returns
MEDIUM,Money Event Frequency,Some too frequent,Various,Reduce gang war by 50%,Less overwhelming
MEDIUM,Crypto Exchange Fees,CrimeChain too expensive,7% fee,5% fee,More accessible
LOW,Protection Level Clarity,Unclear benefits,Vague descriptions,Specific examples,Better UX